,benchmark,cpu_lim,mem_lim,data_size,exec_time,mem_usage,mem_util
0,linpack,80,2048,6000,3.921370267868042,604.70703125,29.526710510253906
1,linpack,80,2048,6000,4.443007707595825,604.70703125,29.526710510253906
2,linpack,80,2048,6000,4.702188491821289,604.70703125,29.526710510253906
3,linpack,80,2048,6000,4.375012159347534,604.70703125,29.526710510253906
4,linpack,80,2048,6000,4.51430869102478,604.70703125,29.526710510253906
5,linpack,80,2048,6000,4.53417181968689,604.70703125,29.526710510253906
6,linpack,80,2048,6000,4.189671754837036,604.70703125,29.526710510253906
7,linpack,80,2048,6000,4.665602445602417,604.70703125,29.526710510253906
8,linpack,80,2048,6000,4.400024652481079,604.70703125,29.526710510253906
9,linpack,80,2048,6000,4.275674343109131,604.70703125,29.526710510253906
10,linpack,48,2048,5000,4.311439514160156,431.78515625,21.08325958251953
11,linpack,48,2048,5000,5.5345118045806885,431.78515625,21.08325958251953
12,linpack,48,2048,5000,4.799806356430054,431.78515625,21.08325958251953
13,linpack,48,2048,5000,4.731637001037598,431.78515625,21.08325958251953
14,linpack,48,2048,5000,4.531670808792114,431.78515625,21.08325958251953
15,linpack,48,2048,5000,4.687974691390991,431.78515625,21.08325958251953
16,linpack,48,2048,5000,4.746382236480713,431.78515625,21.08325958251953
17,linpack,48,2048,5000,4.692843198776245,431.78515625,21.08325958251953
18,linpack,48,2048,5000,4.659027814865112,431.78515625,21.08325958251953
19,linpack,48,2048,5000,4.494211435317993,431.78515625,21.08325958251953
20,linpack,16,2048,500,2.3493764400482178,37.58203125,1.8350601196289062
21,linpack,16,2048,500,2.4787492752075195,37.58203125,1.8350601196289062
22,linpack,16,2048,500,2.5187506675720215,37.58203125,1.8350601196289062
23,linpack,16,2048,500,2.603559970855713,37.58203125,1.8350601196289062
24,linpack,16,2048,500,2.237968683242798,37.58203125,1.8350601196289062
25,linpack,16,2048,500,2.6099050045013428,37.58203125,1.8350601196289062
26,linpack,16,2048,500,2.6880276203155518,37.58203125,1.8350601196289062
27,linpack,16,2048,500,2.2552764415740967,37.58203125,1.8350601196289062
28,linpack,16,2048,500,2.41017746925354,37.58203125,1.8350601196289062
29,linpack,16,2048,500,2.6087300777435303,37.58203125,1.8350601196289062
30,linpack,48,2048,8000,6.373136281967163,1037.98828125,50.683021545410156
31,linpack,48,2048,8000,5.900757312774658,1037.98828125,50.683021545410156
32,linpack,48,2048,8000,5.690887212753296,1037.98828125,50.683021545410156
33,linpack,48,2048,8000,5.399333477020264,1037.98828125,50.683021545410156
34,linpack,48,2048,8000,6.282835245132446,1037.98828125,50.683021545410156
35,linpack,48,2048,8000,6.06684684753418,1037.98828125,50.683021545410156
36,linpack,48,2048,8000,6.028213739395142,1037.98828125,50.683021545410156
37,linpack,48,2048,8000,6.463472604751587,1037.98828125,50.683021545410156
38,linpack,48,2048,8000,7.5301289558410645,1037.98828125,50.683021545410156
39,linpack,48,2048,8000,6.765619993209839,1037.98828125,50.683021545410156
40,linpack,32,2048,6000,8.229234457015991,601.84765625,29.38709259033203
41,linpack,32,2048,6000,8.096675157546997,601.84765625,29.38709259033203
42,linpack,32,2048,6000,7.782135009765625,601.84765625,29.38709259033203
43,linpack,32,2048,6000,7.529942750930786,601.84765625,29.38709259033203
44,linpack,32,2048,6000,8.082829713821411,601.84765625,29.38709259033203
45,linpack,32,2048,6000,7.756150484085083,601.84765625,29.38709259033203
46,linpack,32,2048,6000,8.154405117034912,601.84765625,29.38709259033203
47,linpack,32,2048,6000,7.684449672698975,601.84765625,29.38709259033203
48,linpack,32,2048,6000,6.984888553619385,601.84765625,29.38709259033203
49,linpack,32,2048,6000,7.268483400344849,601.84765625,29.38709259033203
50,linpack,48,2048,7000,5.844374418258667,806.28125,39.36920166015625
51,linpack,48,2048,7000,6.280047178268433,806.28125,39.36920166015625
52,linpack,48,2048,7000,5.700387001037598,806.28125,39.36920166015625
53,linpack,48,2048,7000,5.6955039501190186,806.28125,39.36920166015625
54,linpack,48,2048,7000,6.169979572296143,806.28125,39.36920166015625
55,linpack,48,2048,7000,5.8589701652526855,806.28125,39.36920166015625
56,linpack,48,2048,7000,5.8446900844573975,806.28125,39.36920166015625
57,linpack,48,2048,7000,5.636645555496216,806.28125,39.36920166015625
58,linpack,48,2048,7000,5.999242305755615,806.28125,39.36920166015625
59,linpack,48,2048,7000,6.80974006652832,806.28125,39.36920166015625
60,linpack,80,2048,7000,4.329718351364136,806.0234375,39.35661315917969
61,linpack,80,2048,7000,4.922359466552734,806.0234375,39.35661315917969
62,linpack,80,2048,7000,4.271686315536499,806.0234375,39.35661315917969
63,linpack,80,2048,7000,3.749948501586914,806.0234375,39.35661315917969
64,linpack,80,2048,7000,4.005826473236084,806.0234375,39.35661315917969
65,linpack,80,2048,7000,4.614320993423462,806.0234375,39.35661315917969
66,linpack,80,2048,7000,4.264844655990601,806.0234375,39.35661315917969
67,linpack,80,2048,7000,4.699393272399902,806.0234375,39.35661315917969
68,linpack,80,2048,7000,4.344356298446655,806.0234375,39.35661315917969
69,linpack,80,2048,7000,4.794029712677002,806.0234375,39.35661315917969
70,linpack,32,2048,7000,8.806014060974121,806.84375,39.39666748046875
71,linpack,32,2048,7000,9.034515857696533,806.84375,39.39666748046875
72,linpack,32,2048,7000,8.869375467300415,806.84375,39.39666748046875
73,linpack,32,2048,7000,9.211363792419434,806.84375,39.39666748046875
74,linpack,32,2048,7000,8.895305871963501,806.84375,39.39666748046875
75,linpack,32,2048,7000,8.208311557769775,806.84375,39.39666748046875
76,linpack,32,2048,7000,9.05479383468628,806.84375,39.39666748046875
77,linpack,32,2048,7000,8.274287700653076,806.84375,39.39666748046875
78,linpack,32,2048,7000,9.29304051399231,806.84375,39.39666748046875
79,linpack,32,2048,7000,9.018981695175171,806.84375,39.39666748046875
80,linpack,48,2048,6000,5.1902430057525635,603.0390625,29.445266723632812
81,linpack,48,2048,6000,5.072504043579102,603.0390625,29.445266723632812
82,linpack,48,2048,6000,5.2531867027282715,603.0390625,29.445266723632812
83,linpack,48,2048,6000,5.228884220123291,603.0390625,29.445266723632812
84,linpack,48,2048,6000,4.82419490814209,603.0390625,29.445266723632812
85,linpack,48,2048,6000,5.822009563446045,603.0390625,29.445266723632812
86,linpack,48,2048,6000,6.133031368255615,603.0390625,29.445266723632812
87,linpack,48,2048,6000,5.595410585403442,603.0390625,29.445266723632812
88,linpack,48,2048,6000,5.020995140075684,603.0390625,29.445266723632812
89,linpack,48,2048,6000,5.112184047698975,603.0390625,29.445266723632812
90,linpack,32,2048,5000,7.642755031585693,433.16015625,21.15039825439453
91,linpack,32,2048,5000,7.064236164093018,433.16015625,21.15039825439453
92,linpack,32,2048,5000,7.4375669956207275,433.16015625,21.15039825439453
93,linpack,32,2048,5000,7.201147079467773,433.16015625,21.15039825439453
94,linpack,32,2048,5000,6.830327033996582,433.16015625,21.15039825439453
95,linpack,32,2048,5000,7.070194721221924,433.16015625,21.15039825439453
96,linpack,32,2048,5000,6.868669271469116,433.16015625,21.15039825439453
97,linpack,32,2048,5000,7.6880199909210205,433.16015625,21.15039825439453
98,linpack,32,2048,5000,7.54629111289978,433.16015625,21.15039825439453
99,linpack,32,2048,5000,6.816058397293091,433.16015625,21.15039825439453
100,linpack,48,2048,500,0.6615097522735596,38.20703125,1.8655776977539062
101,linpack,48,2048,500,0.7398576736450195,38.20703125,1.8655776977539062
102,linpack,48,2048,500,0.6857411861419678,38.20703125,1.8655776977539062
103,linpack,48,2048,500,0.8633685111999512,38.20703125,1.8655776977539062
104,linpack,48,2048,500,0.7010445594787598,38.20703125,1.8655776977539062
105,linpack,48,2048,500,0.8151168823242188,38.20703125,1.8655776977539062
106,linpack,48,2048,500,0.8135550022125244,38.20703125,1.8655776977539062
107,linpack,48,2048,500,0.6181759834289551,38.20703125,1.8655776977539062
108,linpack,48,2048,500,0.7642180919647217,38.20703125,1.8655776977539062
109,linpack,48,2048,500,0.6728227138519287,38.20703125,1.8655776977539062
110,linpack,16,2048,2000,10.532879114151001,98.875,4.827880859375
111,linpack,16,2048,2000,10.533950567245483,126.78125,6.19049072265625
112,linpack,16,2048,2000,9.71913194656372,126.78125,6.19049072265625
113,linpack,16,2048,2000,10.09465742111206,126.78125,6.19049072265625
114,linpack,16,2048,2000,9.795890808105469,126.78125,6.19049072265625
115,linpack,16,2048,2000,10.01893138885498,126.78125,6.19049072265625
116,linpack,16,2048,2000,10.961564064025879,126.78125,6.19049072265625
117,linpack,16,2048,2000,9.983010053634644,126.78125,6.19049072265625
118,linpack,16,2048,2000,9.683686017990112,126.78125,6.19049072265625
119,linpack,16,2048,2000,10.578370094299316,126.78125,6.19049072265625
120,linpack,64,2048,8000,5.318933010101318,1039.68359375,50.76580047607422
121,linpack,64,2048,8000,5.666658878326416,1039.68359375,50.76580047607422
122,linpack,64,2048,8000,4.872821569442749,1039.68359375,50.76580047607422
123,linpack,64,2048,8000,4.528480052947998,1039.68359375,50.76580047607422
124,linpack,64,2048,8000,4.54491114616394,1039.68359375,50.76580047607422
125,linpack,64,2048,8000,4.816351413726807,1039.68359375,50.76580047607422
126,linpack,64,2048,8000,4.574438571929932,1039.68359375,50.76580047607422
127,linpack,64,2048,8000,4.815906047821045,1039.68359375,50.76580047607422
128,linpack,64,2048,8000,4.728959321975708,1039.68359375,50.76580047607422
129,linpack,64,2048,8000,5.065021276473999,1039.68359375,50.76580047607422
130,linpack,16,2048,3000,13.071130275726318,178.046875,8.693695068359375
131,linpack,16,2048,3000,13.050874710083008,178.046875,8.693695068359375
132,linpack,16,2048,3000,13.021366834640503,178.046875,8.693695068359375
133,linpack,16,2048,3000,12.248533010482788,178.046875,8.693695068359375
134,linpack,16,2048,3000,12.491565465927124,178.046875,8.693695068359375
135,linpack,16,2048,3000,12.97044062614441,178.046875,8.693695068359375
136,linpack,16,2048,3000,12.839011907577515,178.046875,8.693695068359375
137,linpack,16,2048,3000,12.876909494400024,178.046875,8.693695068359375
138,linpack,16,2048,3000,13.20938229560852,178.046875,8.693695068359375
139,linpack,16,2048,3000,13.323803663253784,178.046875,8.693695068359375
140,linpack,96,2048,3000,2.904144287109375,178.3515625,8.708572387695312
141,linpack,96,2048,3000,2.5592384338378906,178.3515625,8.708572387695312
142,linpack,96,2048,3000,2.7851033210754395,178.3515625,8.708572387695312
143,linpack,96,2048,3000,2.867483139038086,178.3515625,8.708572387695312
144,linpack,96,2048,3000,2.7840754985809326,178.3515625,8.708572387695312
145,linpack,96,2048,3000,2.7944414615631104,178.3515625,8.708572387695312
146,linpack,96,2048,3000,2.831364154815674,178.3515625,8.708572387695312
147,linpack,96,2048,3000,2.781460762023926,178.3515625,8.708572387695312
148,linpack,96,2048,3000,3.0104756355285645,178.3515625,8.708572387695312
149,linpack,96,2048,3000,2.7441134452819824,178.3515625,8.708572387695312
150,linpack,80,2048,2000,2.628816843032837,98.60546875,4.814720153808594
151,linpack,80,2048,2000,2.294840097427368,126.17578125,6.160926818847656
152,linpack,80,2048,2000,2.2217953205108643,126.203125,6.162261962890625
153,linpack,80,2048,2000,2.38553524017334,126.2265625,6.1634063720703125
154,linpack,80,2048,2000,2.4379630088806152,126.24609375,6.164360046386719
155,linpack,80,2048,2000,2.2009353637695312,126.51171875,6.177330017089844
156,linpack,80,2048,2000,2.5289547443389893,126.51171875,6.177330017089844
157,linpack,80,2048,2000,2.2911524772644043,126.51171875,6.177330017089844
158,linpack,80,2048,2000,2.2897133827209473,126.51171875,6.177330017089844
159,linpack,80,2048,2000,2.20556902885437,126.51171875,6.177330017089844
160,linpack,80,2048,500,0.6259832382202148,36.77734375,1.7957687377929688
161,linpack,80,2048,500,0.5469658374786377,36.77734375,1.7957687377929688
162,linpack,80,2048,500,0.5016641616821289,36.77734375,1.7957687377929688
163,linpack,80,2048,500,0.6752550601959229,36.77734375,1.7957687377929688
164,linpack,80,2048,500,0.6602387428283691,36.77734375,1.7957687377929688
165,linpack,80,2048,500,0.5497102737426758,36.77734375,1.7957687377929688
166,linpack,80,2048,500,0.6794748306274414,36.77734375,1.7957687377929688
167,linpack,80,2048,500,0.6720454692840576,36.77734375,1.7957687377929688
168,linpack,80,2048,500,0.49896693229675293,36.77734375,1.7957687377929688
169,linpack,80,2048,500,0.6266944408416748,36.77734375,1.7957687377929688
170,linpack,96,2048,4000,3.1784310340881348,289.24609375,14.123344421386719
171,linpack,96,2048,4000,3.498992443084717,289.24609375,14.123344421386719
172,linpack,96,2048,4000,3.1963396072387695,289.24609375,14.123344421386719
173,linpack,96,2048,4000,3.569730520248413,289.24609375,14.123344421386719
174,linpack,96,2048,4000,3.228652238845825,289.24609375,14.123344421386719
175,linpack,96,2048,4000,3.240349769592285,289.24609375,14.123344421386719
176,linpack,96,2048,4000,3.5236809253692627,289.24609375,14.123344421386719
177,linpack,96,2048,4000,3.7068440914154053,289.24609375,14.123344421386719
178,linpack,96,2048,4000,3.095432758331299,289.24609375,14.123344421386719
179,linpack,96,2048,4000,3.5250706672668457,289.24609375,14.123344421386719
180,linpack,96,2048,7000,4.962404012680054,806.7265625,39.39094543457031
181,linpack,96,2048,7000,5.001010179519653,806.7265625,39.39094543457031
182,linpack,96,2048,7000,4.559993743896484,806.7265625,39.39094543457031
183,linpack,96,2048,7000,4.181881427764893,806.7265625,39.39094543457031
184,linpack,96,2048,7000,4.340203762054443,806.7265625,39.39094543457031
185,linpack,96,2048,7000,4.373001337051392,806.7265625,39.39094543457031
186,linpack,96,2048,7000,4.54832649230957,806.7265625,39.39094543457031
187,linpack,96,2048,7000,4.298003196716309,806.7265625,39.39094543457031
188,linpack,96,2048,7000,4.601748704910278,806.7265625,39.39094543457031
189,linpack,96,2048,7000,4.400185823440552,806.7265625,39.39094543457031
190,linpack,48,2048,4000,3.9914519786834717,292.2421875,14.269638061523438
191,linpack,48,2048,4000,3.9141907691955566,292.2421875,14.269638061523438
192,linpack,48,2048,4000,3.9514071941375732,292.2421875,14.269638061523438
193,linpack,48,2048,4000,4.300237417221069,292.2421875,14.269638061523438
194,linpack,48,2048,4000,4.247449636459351,292.2421875,14.269638061523438
195,linpack,48,2048,4000,4.412424564361572,292.2421875,14.269638061523438
196,linpack,48,2048,4000,3.91908860206604,292.2421875,14.269638061523438
197,linpack,48,2048,4000,3.7183725833892822,292.2421875,14.269638061523438
198,linpack,48,2048,4000,3.766852378845215,292.2421875,14.269638061523438
199,linpack,48,2048,4000,3.930272102355957,292.2421875,14.269638061523438
200,linpack,16,2048,1000,5.857508182525635,50.66796875,2.4740219116210938
201,linpack,16,2048,1000,6.6760413646698,53.71484375,2.6227951049804688
202,linpack,16,2048,1000,6.323490619659424,53.71484375,2.6227951049804688
203,linpack,16,2048,1000,5.911772966384888,53.71484375,2.6227951049804688
204,linpack,16,2048,1000,6.15382719039917,53.71484375,2.6227951049804688
205,linpack,16,2048,1000,6.246120929718018,53.74609375,2.6243209838867188
206,linpack,16,2048,1000,6.746225357055664,53.7734375,2.6256561279296875
207,linpack,16,2048,1000,6.7188332080841064,53.7734375,2.6256561279296875
208,linpack,16,2048,1000,6.817086935043335,54.12109375,2.6426315307617188
209,linpack,16,2048,1000,6.695194721221924,54.12109375,2.6426315307617188
210,linpack,16,2048,6000,18.08836269378662,602.1171875,29.400253295898438
211,linpack,16,2048,6000,17.179529190063477,602.1171875,29.400253295898438
212,linpack,16,2048,6000,17.309816360473633,602.1171875,29.400253295898438
213,linpack,16,2048,6000,17.23694944381714,602.1171875,29.400253295898438
214,linpack,16,2048,6000,16.562037467956543,602.1171875,29.400253295898438
215,linpack,16,2048,6000,17.33389639854431,602.1171875,29.400253295898438
216,linpack,16,2048,6000,17.18496537208557,602.1171875,29.400253295898438
217,linpack,16,2048,6000,17.850123643875122,602.1171875,29.400253295898438
218,linpack,16,2048,6000,17.788934230804443,602.1171875,29.400253295898438
219,linpack,16,2048,6000,17.107889652252197,602.1171875,29.400253295898438
220,linpack,48,2048,2000,2.9996654987335205,98.9375,4.8309326171875
221,linpack,48,2048,2000,3.0562520027160645,126.6328125,6.1832427978515625
222,linpack,48,2048,2000,2.6939210891723633,126.6328125,6.1832427978515625
223,linpack,48,2048,2000,2.984239101409912,126.6328125,6.1832427978515625
224,linpack,48,2048,2000,2.772644519805908,126.6328125,6.1832427978515625
225,linpack,48,2048,2000,2.985297203063965,126.6328125,6.1832427978515625
226,linpack,48,2048,2000,2.6917946338653564,126.6328125,6.1832427978515625
227,linpack,48,2048,2000,2.6373486518859863,126.6328125,6.1832427978515625
228,linpack,48,2048,2000,2.8734371662139893,126.6328125,6.1832427978515625
229,linpack,48,2048,2000,2.8826005458831787,126.6328125,6.1832427978515625
230,linpack,32,2048,4000,6.152698516845703,289.39453125,14.130592346191406
231,linpack,32,2048,4000,6.491737604141235,289.39453125,14.130592346191406
232,linpack,32,2048,4000,6.601248264312744,289.39453125,14.130592346191406
233,linpack,32,2048,4000,6.182015657424927,289.39453125,14.130592346191406
234,linpack,32,2048,4000,6.9547646045684814,289.39453125,14.130592346191406
235,linpack,32,2048,4000,6.249697685241699,289.39453125,14.130592346191406
236,linpack,32,2048,4000,6.2730324268341064,289.39453125,14.130592346191406
237,linpack,32,2048,4000,6.177002429962158,289.39453125,14.130592346191406
238,linpack,32,2048,4000,7.142314434051514,289.39453125,14.130592346191406
239,linpack,32,2048,4000,6.855855226516724,289.39453125,14.130592346191406
240,linpack,80,2048,4000,4.038336515426636,290.2265625,14.171218872070312
241,linpack,80,2048,4000,3.7801899909973145,290.2265625,14.171218872070312
242,linpack,80,2048,4000,3.100703716278076,290.2265625,14.171218872070312
243,linpack,80,2048,4000,3.0886294841766357,290.2265625,14.171218872070312
244,linpack,80,2048,4000,3.0645675659179688,290.2265625,14.171218872070312
245,linpack,80,2048,4000,3.1006429195404053,290.2265625,14.171218872070312
246,linpack,80,2048,4000,3.798020124435425,290.2265625,14.171218872070312
247,linpack,80,2048,4000,3.1501989364624023,290.2265625,14.171218872070312
248,linpack,80,2048,4000,3.567573070526123,290.2265625,14.171218872070312
249,linpack,80,2048,4000,3.3091025352478027,290.2265625,14.171218872070312
250,linpack,16,2048,9000,24.861530303955078,1298.515625,63.404083251953125
251,linpack,16,2048,9000,24.774107694625854,1298.515625,63.404083251953125
252,linpack,16,2048,9000,24.581536531448364,1298.515625,63.404083251953125
253,linpack,16,2048,9000,21.974853992462158,1298.515625,63.404083251953125
254,linpack,16,2048,9000,22.37559199333191,1298.515625,63.404083251953125
255,linpack,16,2048,9000,21.425086736679077,1298.515625,63.404083251953125
256,linpack,16,2048,9000,23.1108238697052,1298.515625,63.404083251953125
257,linpack,16,2048,9000,23.39616894721985,1298.515625,63.404083251953125
258,linpack,16,2048,9000,22.615116596221924,1298.515625,63.404083251953125
259,linpack,16,2048,9000,24.292523860931396,1298.515625,63.404083251953125
260,linpack,16,2048,9000,24.697520971298218,1298.93359375,63.42449188232422
261,linpack,16,2048,9000,24.336146354675293,1298.93359375,63.42449188232422
262,linpack,16,2048,9000,23.12334942817688,1298.93359375,63.42449188232422
263,linpack,16,2048,9000,23.37070059776306,1298.93359375,63.42449188232422
264,linpack,16,2048,9000,23.670836925506592,1298.93359375,63.42449188232422
265,linpack,16,2048,9000,23.424700260162354,1298.93359375,63.42449188232422
266,linpack,16,2048,9000,23.90100908279419,1298.93359375,63.42449188232422
267,linpack,16,2048,9000,23.45422887802124,1298.93359375,63.42449188232422
268,linpack,16,2048,9000,23.212018728256226,1298.93359375,63.42449188232422
269,linpack,16,2048,9000,23.470743656158447,1298.93359375,63.42449188232422
270,linpack,16,2048,9000,25.514720916748047,1298.7578125,63.41590881347656
271,linpack,16,2048,9000,22.227356910705566,1298.7578125,63.41590881347656
272,linpack,16,2048,9000,21.349438190460205,1298.7578125,63.41590881347656
273,linpack,16,2048,9000,21.296031713485718,1298.7578125,63.41590881347656
274,linpack,16,2048,9000,19.504858255386353,1298.7578125,63.41590881347656
275,linpack,16,2048,9000,22.391902446746826,1298.7578125,63.41590881347656
276,linpack,16,2048,9000,23.354729175567627,1298.7578125,63.41590881347656
277,linpack,16,2048,9000,25.56780457496643,1298.7578125,63.41590881347656
278,linpack,16,2048,9000,22.950655460357666,1298.7578125,63.41590881347656
279,linpack,16,2048,9000,23.50067949295044,1298.7578125,63.41590881347656
280,linpack,16,2048,9000,23.63550114631653,1298.21875,63.38958740234375
281,linpack,16,2048,9000,19.26926827430725,1298.21875,63.38958740234375
282,linpack,16,2048,9000,21.809450387954712,1298.21875,63.38958740234375
283,linpack,16,2048,9000,22.64562225341797,1298.21875,63.38958740234375
284,linpack,16,2048,9000,22.02358078956604,1298.21875,63.38958740234375
285,linpack,16,2048,9000,21.009390115737915,1298.21875,63.38958740234375
286,linpack,16,2048,9000,22.78816032409668,1298.8671875,63.42124938964844
287,linpack,16,2048,9000,23.255326747894287,1298.8671875,63.42124938964844
288,linpack,16,2048,9000,23.601051568984985,1298.8671875,63.42124938964844
289,linpack,16,2048,9000,22.624053478240967,1298.8671875,63.42124938964844
290,linpack,16,2048,9000,23.483004093170166,1298.25390625,63.39130401611328
291,linpack,16,2048,9000,22.491599321365356,1298.25390625,63.39130401611328
292,linpack,16,2048,9000,23.78337335586548,1298.25390625,63.39130401611328
293,linpack,16,2048,9000,22.774078607559204,1298.25390625,63.39130401611328
294,linpack,16,2048,9000,22.740041255950928,1298.25390625,63.39130401611328
295,linpack,16,2048,9000,23.6884822845459,1298.25390625,63.39130401611328
296,linpack,16,2048,9000,23.435487031936646,1298.25390625,63.39130401611328
297,linpack,16,2048,9000,23.345462322235107,1298.25390625,63.39130401611328
298,linpack,16,2048,9000,23.749897241592407,1298.25390625,63.39130401611328
299,linpack,16,2048,9000,23.021514177322388,1298.25390625,63.39130401611328
300,linpack,16,2048,9000,23.964500427246094,1301.08203125,63.529396057128906
301,linpack,16,2048,9000,21.714051246643066,1301.08203125,63.529396057128906
302,linpack,16,2048,9000,24.125251531600952,1301.08203125,63.529396057128906
303,linpack,16,2048,9000,24.237147569656372,1301.08203125,63.529396057128906
304,linpack,16,2048,9000,23.551307439804077,1301.08203125,63.529396057128906
305,linpack,16,2048,9000,24.33366370201111,1301.08203125,63.529396057128906
306,linpack,16,2048,9000,23.711606740951538,1301.08203125,63.529396057128906
307,linpack,16,2048,9000,23.76971411705017,1301.08203125,63.529396057128906
308,linpack,16,2048,9000,23.84958291053772,1301.08203125,63.529396057128906
309,linpack,16,2048,9000,23.852343559265137,1301.08203125,63.529396057128906
310,linpack,96,2048,500,0.5036270618438721,37.76171875,1.8438339233398438
311,linpack,96,2048,500,0.48497557640075684,37.76171875,1.8438339233398438
312,linpack,96,2048,500,0.6905460357666016,37.76171875,1.8438339233398438
313,linpack,96,2048,500,0.657799482345581,37.76171875,1.8438339233398438
314,linpack,96,2048,500,0.5542714595794678,37.76171875,1.8438339233398438
315,linpack,96,2048,500,0.6552798748016357,37.76171875,1.8438339233398438
316,linpack,96,2048,500,0.6785452365875244,37.76171875,1.8438339233398438
317,linpack,96,2048,500,0.5194392204284668,37.76171875,1.8438339233398438
318,linpack,96,2048,500,0.6361775398254395,37.76171875,1.8438339233398438
319,linpack,96,2048,500,0.49228453636169434,37.76171875,1.8438339233398438
320,linpack,80,2048,3000,3.6529510021209717,178.2578125,8.703994750976562
321,linpack,80,2048,3000,2.8784713745117188,178.2578125,8.703994750976562
322,linpack,80,2048,3000,3.041919708251953,178.2578125,8.703994750976562
323,linpack,80,2048,3000,2.7901527881622314,178.2578125,8.703994750976562
324,linpack,80,2048,3000,2.8543694019317627,178.2578125,8.703994750976562
325,linpack,80,2048,3000,2.6652495861053467,178.2578125,8.703994750976562
326,linpack,80,2048,3000,2.9396657943725586,178.2578125,8.703994750976562
327,linpack,80,2048,3000,2.7852184772491455,178.2578125,8.703994750976562
328,linpack,80,2048,3000,2.6586742401123047,178.2578125,8.703994750976562
329,linpack,80,2048,3000,2.652420997619629,178.2578125,8.703994750976562
330,linpack,64,2048,4000,3.142707347869873,291.1640625,14.216995239257812
331,linpack,64,2048,4000,3.027716875076294,291.1640625,14.216995239257812
332,linpack,64,2048,4000,3.2055585384368896,291.1640625,14.216995239257812
333,linpack,64,2048,4000,3.1824653148651123,291.1640625,14.216995239257812
334,linpack,64,2048,4000,3.482410430908203,291.1640625,14.216995239257812
335,linpack,64,2048,4000,3.080613613128662,291.1640625,14.216995239257812
336,linpack,64,2048,4000,3.3893697261810303,291.1640625,14.216995239257812
337,linpack,64,2048,4000,3.1400458812713623,291.1640625,14.216995239257812
338,linpack,64,2048,4000,3.739699363708496,291.1640625,14.216995239257812
339,linpack,64,2048,4000,3.141404628753662,291.1640625,14.216995239257812
340,linpack,64,2048,5000,4.842862129211426,430.82421875,21.036338806152344
341,linpack,64,2048,5000,4.178764581680298,430.82421875,21.036338806152344
342,linpack,64,2048,5000,3.9534246921539307,430.82421875,21.036338806152344
343,linpack,64,2048,5000,3.681936025619507,430.82421875,21.036338806152344
344,linpack,64,2048,5000,3.4947474002838135,430.82421875,21.036338806152344
345,linpack,64,2048,5000,3.6720407009124756,430.82421875,21.036338806152344
346,linpack,64,2048,5000,3.95124888420105,430.82421875,21.036338806152344
347,linpack,64,2048,5000,3.6361310482025146,430.82421875,21.036338806152344
348,linpack,64,2048,5000,3.5819997787475586,430.82421875,21.036338806152344
349,linpack,64,2048,5000,4.10546088218689,430.82421875,21.036338806152344
350,linpack,64,2048,1000,1.5536108016967773,49.25,2.40478515625
351,linpack,64,2048,1000,1.3542728424072266,53.796875,2.626800537109375
352,linpack,64,2048,1000,1.8050808906555176,53.796875,2.626800537109375
353,linpack,64,2048,1000,1.4494714736938477,53.8515625,2.6294708251953125
354,linpack,64,2048,1000,1.6266603469848633,53.8515625,2.6294708251953125
355,linpack,64,2048,1000,1.3828179836273193,54.44140625,2.6582717895507812
356,linpack,64,2048,1000,1.4208028316497803,54.44140625,2.6582717895507812
357,linpack,64,2048,1000,1.614964246749878,54.4921875,2.6607513427734375
358,linpack,64,2048,1000,1.438967227935791,54.4921875,2.6607513427734375
359,linpack,64,2048,1000,1.4573869705200195,54.4921875,2.6607513427734375
360,linpack,64,2048,500,0.449573278427124,38.09375,1.86004638671875
361,linpack,64,2048,500,0.6163372993469238,38.09375,1.86004638671875
362,linpack,64,2048,500,0.5481302738189697,38.09375,1.86004638671875
363,linpack,64,2048,500,0.6414556503295898,38.09375,1.86004638671875
364,linpack,64,2048,500,0.6336617469787598,38.09375,1.86004638671875
365,linpack,64,2048,500,0.5177009105682373,38.09375,1.86004638671875
366,linpack,64,2048,500,0.6079776287078857,38.09375,1.86004638671875
367,linpack,64,2048,500,0.6328051090240479,38.09375,1.86004638671875
368,linpack,64,2048,500,0.509544849395752,38.09375,1.86004638671875
369,linpack,64,2048,500,0.6354942321777344,38.09375,1.86004638671875
370,linpack,32,2048,500,1.1821722984313965,40.00390625,1.9533157348632812
371,linpack,32,2048,500,1.0482971668243408,40.00390625,1.9533157348632812
372,linpack,32,2048,500,1.3062982559204102,40.00390625,1.9533157348632812
373,linpack,32,2048,500,1.0445976257324219,40.00390625,1.9533157348632812
374,linpack,32,2048,500,1.2672085762023926,40.00390625,1.9533157348632812
375,linpack,32,2048,500,1.2781786918640137,40.00390625,1.9533157348632812
376,linpack,32,2048,500,1.0307180881500244,40.00390625,1.9533157348632812
377,linpack,32,2048,500,1.1464886665344238,40.00390625,1.9533157348632812
378,linpack,32,2048,500,1.2861688137054443,40.00390625,1.9533157348632812
379,linpack,32,2048,500,1.2015228271484375,40.00390625,1.9533157348632812
380,linpack,64,2048,6000,4.099532842636108,600.88671875,29.340171813964844
381,linpack,64,2048,6000,3.772768497467041,600.88671875,29.340171813964844
382,linpack,64,2048,6000,4.140139579772949,600.88671875,29.340171813964844
383,linpack,64,2048,6000,3.9251229763031006,600.88671875,29.340171813964844
384,linpack,64,2048,6000,4.03595232963562,600.88671875,29.340171813964844
385,linpack,64,2048,6000,3.917060136795044,600.88671875,29.340171813964844
386,linpack,64,2048,6000,4.301967144012451,600.88671875,29.340171813964844
387,linpack,64,2048,6000,4.046780586242676,600.88671875,29.340171813964844
388,linpack,64,2048,6000,4.134540557861328,600.88671875,29.340171813964844
389,linpack,64,2048,6000,4.103559255599976,600.88671875,29.340171813964844
390,linpack,80,2048,1000,1.584728717803955,51.4453125,2.5119781494140625
391,linpack,80,2048,1000,1.5043361186981201,54.25,2.64892578125
392,linpack,80,2048,1000,1.4235203266143799,54.26953125,2.6498794555664062
393,linpack,80,2048,1000,1.746525764465332,54.26953125,2.6498794555664062
394,linpack,80,2048,1000,1.4918644428253174,54.26953125,2.6498794555664062
395,linpack,80,2048,1000,1.4964327812194824,54.890625,2.680206298828125
396,linpack,80,2048,1000,1.3981108665466309,54.890625,2.680206298828125
397,linpack,80,2048,1000,1.3748915195465088,54.96875,2.68402099609375
398,linpack,80,2048,1000,1.4268040657043457,54.96875,2.68402099609375
399,linpack,80,2048,1000,1.3807861804962158,54.96875,2.68402099609375
400,linpack,16,2048,4000,14.090736389160156,290.359375,14.177703857421875
401,linpack,16,2048,4000,14.294272422790527,290.359375,14.177703857421875
402,linpack,16,2048,4000,13.470049142837524,290.359375,14.177703857421875
403,linpack,16,2048,4000,13.601341247558594,290.359375,14.177703857421875
404,linpack,16,2048,4000,14.552597045898438,290.359375,14.177703857421875
405,linpack,16,2048,4000,13.844106674194336,290.359375,14.177703857421875
406,linpack,16,2048,4000,13.635004997253418,290.359375,14.177703857421875
407,linpack,16,2048,4000,14.533015966415405,290.359375,14.177703857421875
408,linpack,16,2048,4000,14.115775108337402,290.359375,14.177703857421875
409,linpack,16,2048,4000,14.390347957611084,290.359375,14.177703857421875
410,linpack,64,2048,2000,2.1329920291900635,99.45703125,4.856300354003906
411,linpack,64,2048,2000,2.368201971054077,126.64453125,6.183815002441406
412,linpack,64,2048,2000,2.3213768005371094,126.64453125,6.183815002441406
413,linpack,64,2048,2000,2.8910794258117676,126.64453125,6.183815002441406
414,linpack,64,2048,2000,2.2987921237945557,126.64453125,6.183815002441406
415,linpack,64,2048,2000,2.3923487663269043,126.74609375,6.188774108886719
416,linpack,64,2048,2000,2.1629059314727783,126.74609375,6.188774108886719
417,linpack,64,2048,2000,2.251971960067749,126.74609375,6.188774108886719
418,linpack,64,2048,2000,2.3355495929718018,126.74609375,6.188774108886719
419,linpack,64,2048,2000,2.331163167953491,126.74609375,6.188774108886719
420,linpack,16,2048,5000,16.591763257980347,432.046875,21.096038818359375
421,linpack,16,2048,5000,15.63838815689087,432.046875,21.096038818359375
422,linpack,16,2048,5000,16.48205876350403,432.046875,21.096038818359375
423,linpack,16,2048,5000,15.743337392807007,432.046875,21.096038818359375
424,linpack,16,2048,5000,16.162513732910156,432.046875,21.096038818359375
425,linpack,16,2048,5000,15.815998792648315,432.046875,21.096038818359375
426,linpack,16,2048,5000,16.40237522125244,432.046875,21.096038818359375
427,linpack,16,2048,5000,16.246362924575806,432.046875,21.096038818359375
428,linpack,16,2048,5000,15.486208200454712,432.046875,21.096038818359375
429,linpack,16,2048,5000,16.258556127548218,432.046875,21.096038818359375
430,linpack,32,2048,3000,5.411725044250488,181.484375,8.861541748046875
431,linpack,32,2048,3000,5.449955940246582,181.484375,8.861541748046875
432,linpack,32,2048,3000,5.566200256347656,181.484375,8.861541748046875
433,linpack,32,2048,3000,6.0502026081085205,181.484375,8.861541748046875
434,linpack,32,2048,3000,6.012759447097778,181.484375,8.861541748046875
435,linpack,32,2048,3000,5.96080207824707,181.484375,8.861541748046875
436,linpack,32,2048,3000,5.230363607406616,181.484375,8.861541748046875
437,linpack,32,2048,3000,5.687631130218506,181.484375,8.861541748046875
438,linpack,32,2048,3000,5.223664999008179,181.484375,8.861541748046875
439,linpack,32,2048,3000,6.204580068588257,181.484375,8.861541748046875
440,linpack,16,2048,7000,19.772300720214844,802.8671875,39.20249938964844
441,linpack,16,2048,7000,21.583303213119507,802.8671875,39.20249938964844
442,linpack,16,2048,7000,20.636208057403564,802.8671875,39.20249938964844
443,linpack,16,2048,7000,19.989744424819946,802.8671875,39.20249938964844
444,linpack,16,2048,7000,21.419435024261475,802.8671875,39.20249938964844
445,linpack,16,2048,7000,20.70208215713501,802.8671875,39.20249938964844
446,linpack,16,2048,7000,20.007920265197754,802.8671875,39.20249938964844
447,linpack,16,2048,7000,20.87351655960083,802.8671875,39.20249938964844
448,linpack,16,2048,7000,21.44888401031494,802.8671875,39.20249938964844
449,linpack,16,2048,7000,19.193681716918945,802.8671875,39.20249938964844
450,linpack,32,2048,2000,4.991918087005615,98.5078125,4.8099517822265625
451,linpack,32,2048,2000,4.860447883605957,126.68359375,6.185722351074219
452,linpack,32,2048,2000,4.712967157363892,126.68359375,6.185722351074219
453,linpack,32,2048,2000,4.67333984375,126.68359375,6.185722351074219
454,linpack,32,2048,2000,4.7847511768341064,127.05859375,6.204032897949219
455,linpack,32,2048,2000,4.863491535186768,127.05859375,6.204032897949219
456,linpack,32,2048,2000,4.559670686721802,127.05859375,6.204032897949219
457,linpack,32,2048,2000,4.4461774826049805,127.05859375,6.204032897949219
458,linpack,32,2048,2000,4.801933288574219,127.05859375,6.204032897949219
459,linpack,32,2048,2000,4.76739501953125,127.05859375,6.204032897949219
460,linpack,96,2048,2000,2.5237319469451904,100.1640625,4.8908233642578125
461,linpack,96,2048,2000,2.1641347408294678,126.19921875,6.162071228027344
462,linpack,96,2048,2000,2.332277774810791,126.19921875,6.162071228027344
463,linpack,96,2048,2000,2.831979274749756,126.23828125,6.163978576660156
464,linpack,96,2048,2000,2.1981611251831055,126.23828125,6.163978576660156
465,linpack,96,2048,2000,2.3429362773895264,126.23828125,6.163978576660156
466,linpack,96,2048,2000,2.8294520378112793,126.23828125,6.163978576660156
467,linpack,96,2048,2000,2.3843295574188232,126.26171875,6.165122985839844
468,linpack,96,2048,2000,2.2472565174102783,126.33984375,6.168937683105469
469,linpack,96,2048,2000,2.795700788497925,126.40234375,6.171989440917969
470,linpack,64,2048,3000,2.916853666305542,179.15625,8.74786376953125
471,linpack,64,2048,3000,2.679788589477539,179.15625,8.74786376953125
472,linpack,64,2048,3000,2.921182155609131,179.15625,8.74786376953125
473,linpack,64,2048,3000,2.6834959983825684,179.15625,8.74786376953125
474,linpack,64,2048,3000,2.7653419971466064,179.15625,8.74786376953125
475,linpack,64,2048,3000,2.6373348236083984,179.15625,8.74786376953125
476,linpack,64,2048,3000,2.745415210723877,179.15625,8.74786376953125
477,linpack,64,2048,3000,2.845623254776001,179.15625,8.74786376953125
478,linpack,64,2048,3000,2.627089738845825,179.15625,8.74786376953125
479,linpack,64,2048,3000,2.5758800506591797,179.15625,8.74786376953125
480,linpack,16,2048,10000,24.24832558631897,1595.90234375,77.92491912841797
481,linpack,16,2048,10000,25.39827251434326,1595.90234375,77.92491912841797
482,linpack,16,2048,10000,24.796093702316284,1595.90234375,77.92491912841797
483,linpack,16,2048,10000,23.739835262298584,1595.90234375,77.92491912841797
484,linpack,16,2048,10000,26.21389937400818,1595.90234375,77.92491912841797
485,linpack,16,2048,10000,24.767687797546387,1595.90234375,77.92491912841797
486,linpack,16,2048,10000,27.119418144226074,1595.90234375,77.92491912841797
487,linpack,16,2048,10000,24.691023349761963,1595.90234375,77.92491912841797
488,linpack,16,2048,10000,25.515663862228394,1595.90234375,77.92491912841797
489,linpack,16,2048,10000,28.731366395950317,1595.90234375,77.92491912841797
490,linpack,16,2048,10000,26.575870037078857,1596.59765625,77.95886993408203
491,linpack,16,2048,10000,26.12266230583191,1596.59765625,77.95886993408203
492,linpack,16,2048,10000,24.900534629821777,1596.59765625,77.95886993408203
493,linpack,16,2048,10000,24.556636095046997,1596.59765625,77.95886993408203
494,linpack,16,2048,10000,25.222485065460205,1596.59765625,77.95886993408203
495,linpack,16,2048,10000,26.097562551498413,1596.59765625,77.95886993408203
496,linpack,16,2048,10000,25.086207628250122,1596.59765625,77.95886993408203
497,linpack,16,2048,10000,25.515896797180176,1596.59765625,77.95886993408203
498,linpack,16,2048,10000,26.082497596740723,1596.59765625,77.95886993408203
499,linpack,16,2048,10000,25.74447536468506,1596.59765625,77.95886993408203
500,linpack,16,2048,10000,26.007020473480225,1597.77734375,78.01647186279297
501,linpack,16,2048,10000,23.46184229850769,1597.77734375,78.01647186279297
502,linpack,16,2048,10000,25.410502910614014,1597.77734375,78.01647186279297
503,linpack,16,2048,10000,21.946330547332764,1597.77734375,78.01647186279297
504,linpack,16,2048,10000,23.542035818099976,1597.77734375,78.01647186279297
505,linpack,16,2048,10000,23.055235147476196,1597.77734375,78.01647186279297
506,linpack,16,2048,10000,24.08499240875244,1597.77734375,78.01647186279297
507,linpack,16,2048,10000,23.257861375808716,1597.77734375,78.01647186279297
508,linpack,16,2048,10000,24.941137075424194,1597.77734375,78.01647186279297
509,linpack,16,2048,10000,26.988978624343872,1597.77734375,78.01647186279297
510,linpack,16,2048,10000,25.44970989227295,1596.0625,77.9327392578125
511,linpack,16,2048,10000,22.357247352600098,1596.0625,77.9327392578125
512,linpack,16,2048,10000,23.524099588394165,1596.0625,77.9327392578125
513,linpack,16,2048,10000,24.751465797424316,1596.0625,77.9327392578125
514,linpack,16,2048,10000,26.7542462348938,1596.0625,77.9327392578125
515,linpack,16,2048,10000,25.69536805152893,1596.0625,77.9327392578125
516,linpack,16,2048,10000,26.268717050552368,1596.0625,77.9327392578125
517,linpack,16,2048,10000,23.939502954483032,1596.0625,77.9327392578125
518,linpack,16,2048,10000,26.323662042617798,1596.0625,77.9327392578125
519,linpack,16,2048,10000,27.055838346481323,1596.0625,77.9327392578125
520,linpack,16,2048,10000,26.27604055404663,1597.55859375,78.00579071044922
521,linpack,16,2048,10000,22.622349739074707,1597.55859375,78.00579071044922
522,linpack,16,2048,10000,23.38492488861084,1597.55859375,78.00579071044922
523,linpack,16,2048,10000,21.566868543624878,1597.55859375,78.00579071044922
524,linpack,16,2048,10000,24.96429753303528,1597.55859375,78.00579071044922
525,linpack,16,2048,10000,25.00511646270752,1597.55859375,78.00579071044922
526,linpack,16,2048,10000,26.121549129486084,1597.55859375,78.00579071044922
527,linpack,16,2048,10000,26.262559175491333,1597.55859375,78.00579071044922
528,linpack,16,2048,10000,25.39159345626831,1597.55859375,78.00579071044922
529,linpack,16,2048,10000,27.031189680099487,1597.55859375,78.00579071044922
530,linpack,16,2048,10000,26.61401867866516,1596.921875,77.97470092773438
531,linpack,16,2048,10000,24.357033252716064,1596.921875,77.97470092773438
532,linpack,16,2048,10000,23.66061520576477,1596.921875,77.97470092773438
533,linpack,16,2048,10000,24.643217086791992,1596.921875,77.97470092773438
534,linpack,16,2048,10000,25.15604305267334,1596.921875,77.97470092773438
535,linpack,16,2048,10000,24.98279571533203,1596.921875,77.97470092773438
536,linpack,16,2048,10000,24.638221740722656,1596.921875,77.97470092773438
537,linpack,16,2048,10000,23.96287727355957,1596.921875,77.97470092773438
538,linpack,16,2048,10000,26.044556140899658,1596.921875,77.97470092773438
539,linpack,16,2048,10000,27.810784101486206,1596.921875,77.97470092773438
540,linpack,80,2048,8000,6.15920090675354,1038.1328125,50.69007873535156
541,linpack,80,2048,8000,5.714041709899902,1038.1328125,50.69007873535156
542,linpack,80,2048,8000,5.257874250411987,1038.1328125,50.69007873535156
543,linpack,80,2048,8000,5.000026226043701,1038.1328125,50.69007873535156
544,linpack,80,2048,8000,4.876980304718018,1038.1328125,50.69007873535156
545,linpack,80,2048,8000,5.242522478103638,1038.1328125,50.69007873535156
546,linpack,80,2048,8000,4.8955934047698975,1038.1328125,50.69007873535156
547,linpack,80,2048,8000,5.208705186843872,1038.1328125,50.69007873535156
548,linpack,80,2048,8000,5.418829679489136,1038.1328125,50.69007873535156
549,linpack,80,2048,8000,4.899308681488037,1038.1328125,50.69007873535156
550,linpack,80,2048,5000,3.7569997310638428,430.01171875,20.996665954589844
551,linpack,80,2048,5000,3.460568428039551,430.01171875,20.996665954589844
552,linpack,80,2048,5000,3.507042646408081,430.01171875,20.996665954589844
553,linpack,80,2048,5000,3.600663900375366,430.01171875,20.996665954589844
554,linpack,80,2048,5000,3.881957769393921,430.01171875,20.996665954589844
555,linpack,80,2048,5000,3.5988056659698486,430.01171875,20.996665954589844
556,linpack,80,2048,5000,3.4973573684692383,430.01171875,20.996665954589844
557,linpack,80,2048,5000,3.624758005142212,430.01171875,20.996665954589844
558,linpack,80,2048,5000,3.755040407180786,430.01171875,20.996665954589844
559,linpack,80,2048,5000,3.48612117767334,430.01171875,20.996665954589844
560,linpack,32,2048,1000,2.4855000972747803,50.35546875,2.4587631225585938
561,linpack,32,2048,1000,2.5442118644714355,54.08203125,2.6407241821289062
562,linpack,32,2048,1000,2.5919225215911865,54.08203125,2.6407241821289062
563,linpack,32,2048,1000,3.350139617919922,54.08203125,2.6407241821289062
564,linpack,32,2048,1000,2.5675230026245117,54.08203125,2.6407241821289062
565,linpack,32,2048,1000,3.0326528549194336,54.34765625,2.6536941528320312
566,linpack,32,2048,1000,3.126455307006836,54.34765625,2.6536941528320312
567,linpack,32,2048,1000,2.3916070461273193,54.34765625,2.6536941528320312
568,linpack,32,2048,1000,3.4597010612487793,54.34765625,2.6536941528320312
569,linpack,32,2048,1000,2.5862934589385986,54.34765625,2.6536941528320312
570,linpack,48,2048,3000,3.5343260765075684,178.6875,8.7249755859375
571,linpack,48,2048,3000,3.6611738204956055,178.6875,8.7249755859375
572,linpack,48,2048,3000,3.314425468444824,178.6875,8.7249755859375
573,linpack,48,2048,3000,3.848339319229126,178.6875,8.7249755859375
574,linpack,48,2048,3000,3.4840540885925293,178.6875,8.7249755859375
575,linpack,48,2048,3000,3.4810755252838135,178.6875,8.7249755859375
576,linpack,48,2048,3000,3.7945003509521484,178.6875,8.7249755859375
577,linpack,48,2048,3000,3.437868595123291,178.6875,8.7249755859375
578,linpack,48,2048,3000,3.841444730758667,178.6875,8.7249755859375
579,linpack,48,2048,3000,3.7701077461242676,178.6875,8.7249755859375
580,linpack,32,2048,8000,9.703195095062256,1039.6015625,50.76179504394531
581,linpack,32,2048,8000,8.847225189208984,1039.6015625,50.76179504394531
582,linpack,32,2048,8000,8.998294115066528,1039.6015625,50.76179504394531
583,linpack,32,2048,8000,10.116712808609009,1039.6015625,50.76179504394531
584,linpack,32,2048,8000,8.948053121566772,1039.6015625,50.76179504394531
585,linpack,32,2048,8000,8.142722129821777,1039.6015625,50.76179504394531
586,linpack,32,2048,8000,9.123163938522339,1039.6015625,50.76179504394531
587,linpack,32,2048,8000,8.61840033531189,1039.6015625,50.76179504394531
588,linpack,32,2048,8000,9.092778444290161,1039.6015625,50.76179504394531
589,linpack,32,2048,8000,8.825963973999023,1039.6015625,50.76179504394531
590,linpack,96,2048,6000,3.8028149604797363,603.09375,29.44793701171875
591,linpack,96,2048,6000,3.91683030128479,603.09375,29.44793701171875
592,linpack,96,2048,6000,4.0611724853515625,603.09375,29.44793701171875
593,linpack,96,2048,6000,4.096039295196533,603.09375,29.44793701171875
594,linpack,96,2048,6000,3.693556308746338,603.09375,29.44793701171875
595,linpack,96,2048,6000,4.013179779052734,603.09375,29.44793701171875
596,linpack,96,2048,6000,3.8593809604644775,603.09375,29.44793701171875
597,linpack,96,2048,6000,4.154299259185791,603.09375,29.44793701171875
598,linpack,96,2048,6000,4.101531267166138,603.09375,29.44793701171875
599,linpack,96,2048,6000,4.0965986251831055,603.09375,29.44793701171875
600,linpack,64,2048,7000,5.051784515380859,806.66796875,39.388084411621094
601,linpack,64,2048,7000,4.661736249923706,806.66796875,39.388084411621094
602,linpack,64,2048,7000,4.788717985153198,806.66796875,39.388084411621094
603,linpack,64,2048,7000,4.4650938510894775,806.66796875,39.388084411621094
604,linpack,64,2048,7000,5.280117034912109,806.66796875,39.388084411621094
605,linpack,64,2048,7000,5.09545373916626,806.66796875,39.388084411621094
606,linpack,64,2048,7000,4.695723533630371,806.66796875,39.388084411621094
607,linpack,64,2048,7000,4.622447729110718,806.66796875,39.388084411621094
608,linpack,64,2048,7000,4.588071823120117,806.66796875,39.388084411621094
609,linpack,64,2048,7000,5.190310478210449,806.66796875,39.388084411621094
610,linpack,96,2048,5000,3.9108729362487793,429.90234375,20.99132537841797
611,linpack,96,2048,5000,3.704347848892212,429.90234375,20.99132537841797
612,linpack,96,2048,5000,3.624786853790283,429.90234375,20.99132537841797
613,linpack,96,2048,5000,3.656684637069702,429.90234375,20.99132537841797
614,linpack,96,2048,5000,4.012872219085693,429.90234375,20.99132537841797
615,linpack,96,2048,5000,3.5374271869659424,429.90234375,20.99132537841797
616,linpack,96,2048,5000,3.589386463165283,429.90234375,20.99132537841797
617,linpack,96,2048,5000,3.513245105743408,429.90234375,20.99132537841797
618,linpack,96,2048,5000,3.5096967220306396,429.90234375,20.99132537841797
619,linpack,96,2048,5000,3.6926746368408203,429.90234375,20.99132537841797
620,linpack,48,2048,1000,2.178943634033203,53.33203125,2.6041030883789062
621,linpack,48,2048,1000,2.0164477825164795,54.421875,2.657318115234375
622,linpack,48,2048,1000,1.671475887298584,54.421875,2.657318115234375
623,linpack,48,2048,1000,2.0926051139831543,54.421875,2.657318115234375
624,linpack,48,2048,1000,1.700230360031128,54.421875,2.657318115234375
625,linpack,48,2048,1000,1.8215444087982178,54.421875,2.657318115234375
626,linpack,48,2048,1000,1.6878585815429688,54.421875,2.657318115234375
627,linpack,48,2048,1000,1.9121036529541016,54.64453125,2.6681900024414062
628,linpack,48,2048,1000,1.942263126373291,54.64453125,2.6681900024414062
629,linpack,48,2048,1000,1.727266788482666,54.64453125,2.6681900024414062
630,linpack,96,2048,8000,5.546393632888794,1039.37890625,50.75092315673828
631,linpack,96,2048,8000,5.858098983764648,1039.37890625,50.75092315673828
632,linpack,96,2048,8000,5.788554430007935,1039.37890625,50.75092315673828
633,linpack,96,2048,8000,5.279529333114624,1039.37890625,50.75092315673828
634,linpack,96,2048,8000,4.807058572769165,1039.37890625,50.75092315673828
635,linpack,96,2048,8000,4.995209455490112,1039.37890625,50.75092315673828
636,linpack,96,2048,8000,5.017435073852539,1039.37890625,50.75092315673828
637,linpack,96,2048,8000,5.145571231842041,1039.37890625,50.75092315673828
638,linpack,96,2048,8000,5.5810065269470215,1039.37890625,50.75092315673828
639,linpack,96,2048,8000,5.295310735702515,1039.37890625,50.75092315673828
640,linpack,16,2048,8000,21.453678846359253,1037.76953125,50.672340393066406
641,linpack,16,2048,8000,21.453735828399658,1037.76953125,50.672340393066406
642,linpack,16,2048,8000,19.958351612091064,1037.76953125,50.672340393066406
643,linpack,16,2048,8000,19.361979484558105,1037.76953125,50.672340393066406
644,linpack,16,2048,8000,19.125821828842163,1037.76953125,50.672340393066406
645,linpack,16,2048,8000,20.712746381759644,1037.76953125,50.672340393066406
646,linpack,16,2048,8000,19.943660736083984,1037.76953125,50.672340393066406
647,linpack,16,2048,8000,19.552858114242554,1037.76953125,50.672340393066406
648,linpack,16,2048,8000,19.2834575176239,1037.76953125,50.672340393066406
649,linpack,16,2048,8000,19.499406337738037,1037.76953125,50.672340393066406
650,linpack,96,2048,1000,1.5422236919403076,50.89453125,2.4850845336914062
651,linpack,96,2048,1000,1.401479959487915,53.87109375,2.6304244995117188
652,linpack,96,2048,1000,1.4555716514587402,53.8984375,2.6317596435546875
653,linpack,96,2048,1000,1.7709167003631592,53.8984375,2.6317596435546875
654,linpack,96,2048,1000,1.4097652435302734,53.8984375,2.6317596435546875
655,linpack,96,2048,1000,1.2742903232574463,54.02734375,2.6380538940429688
656,linpack,96,2048,1000,1.4133632183074951,54.02734375,2.6380538940429688
657,linpack,96,2048,1000,1.34195876121521,54.02734375,2.6380538940429688
658,linpack,96,2048,1000,1.2695703506469727,54.02734375,2.6380538940429688
659,linpack,96,2048,1000,1.5481939315795898,54.02734375,2.6380538940429688
