benchmark,cpu_lim,mem_lim,data_size,run_no,exec_time,mem_usage,mem_util
encrypt,32,2048,35000,1,8.316691160202026,16.16796875,0.7894515991210938
encrypt,32,2048,35000,2,8.314334392547607,16.16796875,0.7894515991210938
encrypt,32,2048,35000,3,8.297319889068604,16.16796875,0.7894515991210938
encrypt,32,2048,35000,4,8.293268203735352,16.16796875,0.7894515991210938
encrypt,32,2048,35000,5,8.29894232749939,16.16796875,0.7894515991210938
encrypt,32,2048,35000,6,8.303637027740479,16.16796875,0.7894515991210938
encrypt,32,2048,35000,7,8.29770278930664,16.16796875,0.7894515991210938
encrypt,32,2048,35000,8,8.291623592376709,16.16796875,0.7894515991210938
encrypt,32,2048,35000,9,8.291727066040039,16.16796875,0.7894515991210938
encrypt,32,2048,35000,10,8.292664289474487,16.16796875,0.7894515991210938
encrypt,96,2048,500,1,0.1308443546295166,16.25390625,0.7936477661132812
encrypt,96,2048,500,2,0.13608694076538086,16.25390625,0.7936477661132812
encrypt,96,2048,500,3,0.13251018524169922,16.25390625,0.7936477661132812
encrypt,96,2048,500,4,0.12898039817810059,16.25390625,0.7936477661132812
encrypt,96,2048,500,5,0.12911486625671387,16.25390625,0.7936477661132812
encrypt,96,2048,500,6,0.12920355796813965,16.25390625,0.7936477661132812
encrypt,96,2048,500,7,0.12867045402526855,16.25390625,0.7936477661132812
encrypt,96,2048,500,8,0.13160443305969238,16.25390625,0.7936477661132812
encrypt,96,2048,500,9,0.1285567283630371,16.25390625,0.7936477661132812
encrypt,96,2048,500,10,0.1289501190185547,16.25390625,0.7936477661132812
encrypt,48,2048,5000,1,1.220062494277954,16.921875,0.826263427734375
encrypt,48,2048,5000,2,1.2028639316558838,16.921875,0.826263427734375
encrypt,48,2048,5000,3,1.2032241821289062,16.921875,0.826263427734375
encrypt,48,2048,5000,4,1.200211524963379,16.921875,0.826263427734375
encrypt,48,2048,5000,5,1.2029337882995605,16.921875,0.826263427734375
encrypt,48,2048,5000,6,1.2044007778167725,16.921875,0.826263427734375
encrypt,48,2048,5000,7,1.2087669372558594,16.921875,0.826263427734375
encrypt,48,2048,5000,8,1.2046418190002441,16.921875,0.826263427734375
encrypt,48,2048,5000,9,1.2008216381072998,16.921875,0.826263427734375
encrypt,48,2048,5000,10,1.2029857635498047,16.921875,0.826263427734375
encrypt,16,2048,10000,1,2.443593740463257,16.328125,0.797271728515625
encrypt,16,2048,10000,2,2.374340534210205,16.328125,0.797271728515625
encrypt,16,2048,10000,3,2.372481346130371,16.328125,0.797271728515625
encrypt,16,2048,10000,4,2.3684160709381104,16.328125,0.797271728515625
encrypt,16,2048,10000,5,2.374513626098633,16.328125,0.797271728515625
encrypt,16,2048,10000,6,2.373241662979126,16.328125,0.797271728515625
encrypt,16,2048,10000,7,2.3738620281219482,16.328125,0.797271728515625
encrypt,16,2048,10000,8,2.371642589569092,16.328125,0.797271728515625
encrypt,16,2048,10000,9,2.37381911277771,16.328125,0.797271728515625
encrypt,16,2048,10000,10,2.3738760948181152,16.328125,0.797271728515625
encrypt,32,2048,50000,1,11.87627649307251,16.86328125,0.8234024047851562
encrypt,32,2048,50000,2,11.853541135787964,16.86328125,0.8234024047851562
encrypt,32,2048,50000,3,11.815606117248535,16.86328125,0.8234024047851562
encrypt,32,2048,50000,4,11.852795600891113,16.86328125,0.8234024047851562
encrypt,32,2048,50000,5,11.837666034698486,16.86328125,0.8234024047851562
encrypt,32,2048,50000,6,11.839385271072388,16.86328125,0.8234024047851562
encrypt,32,2048,50000,7,11.818512201309204,16.86328125,0.8234024047851562
encrypt,32,2048,50000,8,11.844635725021362,16.86328125,0.8234024047851562
encrypt,32,2048,50000,9,11.820357322692871,16.86328125,0.8234024047851562
encrypt,32,2048,50000,10,11.757782220840454,16.86328125,0.8234024047851562
encrypt,16,2048,1000,1,0.25576186180114746,17.0078125,0.8304595947265625
encrypt,16,2048,1000,2,0.24993395805358887,17.0078125,0.8304595947265625
encrypt,16,2048,1000,3,0.24929094314575195,17.0078125,0.8304595947265625
encrypt,16,2048,1000,4,0.25554347038269043,17.0078125,0.8304595947265625
encrypt,16,2048,1000,5,0.25456666946411133,17.0078125,0.8304595947265625
encrypt,16,2048,1000,6,0.25655436515808105,17.0078125,0.8304595947265625
encrypt,16,2048,1000,7,0.2525174617767334,17.0078125,0.8304595947265625
encrypt,16,2048,1000,8,0.2495415210723877,17.0078125,0.8304595947265625
encrypt,16,2048,1000,9,0.25383782386779785,17.0078125,0.8304595947265625
encrypt,16,2048,1000,10,0.249253511428833,17.0078125,0.8304595947265625
encrypt,96,2048,20000,1,4.863206624984741,17.125,0.836181640625
encrypt,96,2048,20000,2,4.787259578704834,17.125,0.836181640625
encrypt,96,2048,20000,3,4.783965349197388,17.125,0.836181640625
encrypt,96,2048,20000,4,4.773604869842529,17.125,0.836181640625
encrypt,96,2048,20000,5,4.774878978729248,17.125,0.836181640625
encrypt,96,2048,20000,6,4.786837100982666,17.125,0.836181640625
encrypt,96,2048,20000,7,4.778708457946777,17.125,0.836181640625
encrypt,96,2048,20000,8,4.788541793823242,17.125,0.836181640625
encrypt,96,2048,20000,9,4.778957843780518,17.125,0.836181640625
encrypt,96,2048,20000,10,4.774947881698608,17.125,0.836181640625
encrypt,16,2048,5000,1,1.2198193073272705,16.2890625,0.7953643798828125
encrypt,16,2048,5000,2,1.2078399658203125,16.2890625,0.7953643798828125
encrypt,16,2048,5000,3,1.1990151405334473,16.2890625,0.7953643798828125
encrypt,16,2048,5000,4,1.205120325088501,16.2890625,0.7953643798828125
encrypt,16,2048,5000,5,1.2086429595947266,16.2890625,0.7953643798828125
encrypt,16,2048,5000,6,1.2038042545318604,16.2890625,0.7953643798828125
encrypt,16,2048,5000,7,1.198599100112915,16.2890625,0.7953643798828125
encrypt,16,2048,5000,8,1.202683448791504,16.2890625,0.7953643798828125
encrypt,16,2048,5000,9,1.200561761856079,16.2890625,0.7953643798828125
encrypt,16,2048,5000,10,1.203974723815918,16.2890625,0.7953643798828125
encrypt,96,2048,35000,1,8.395196199417114,17.25390625,0.8424758911132812
encrypt,96,2048,35000,2,8.361804485321045,17.25390625,0.8424758911132812
encrypt,96,2048,35000,3,8.344220876693726,17.25390625,0.8424758911132812
encrypt,96,2048,35000,4,8.337300777435303,17.25390625,0.8424758911132812
encrypt,96,2048,35000,5,8.354234218597412,17.25390625,0.8424758911132812
encrypt,96,2048,35000,6,8.353599786758423,17.25390625,0.8424758911132812
encrypt,96,2048,35000,7,8.349197387695312,17.25390625,0.8424758911132812
encrypt,96,2048,35000,8,8.349516153335571,17.25390625,0.8424758911132812
encrypt,96,2048,35000,9,8.347373247146606,17.25390625,0.8424758911132812
encrypt,96,2048,35000,10,8.352949142456055,17.25390625,0.8424758911132812
encrypt,80,2048,500,1,0.13322973251342773,16.515625,0.806427001953125
encrypt,80,2048,500,2,0.1298539638519287,16.515625,0.806427001953125
encrypt,80,2048,500,3,0.13121557235717773,16.515625,0.806427001953125
encrypt,80,2048,500,4,0.1294550895690918,16.515625,0.806427001953125
encrypt,80,2048,500,5,0.12967181205749512,16.515625,0.806427001953125
encrypt,80,2048,500,6,0.1298520565032959,16.515625,0.806427001953125
encrypt,80,2048,500,7,0.12978529930114746,16.515625,0.806427001953125
encrypt,80,2048,500,8,0.13318753242492676,16.515625,0.806427001953125
encrypt,80,2048,500,9,0.13008832931518555,16.515625,0.806427001953125
encrypt,80,2048,500,10,0.12960481643676758,16.515625,0.806427001953125
encrypt,16,2048,35000,1,8.25057339668274,16.47265625,0.8043289184570312
encrypt,16,2048,35000,2,8.2517991065979,16.47265625,0.8043289184570312
encrypt,16,2048,35000,3,8.240121364593506,16.47265625,0.8043289184570312
encrypt,16,2048,35000,4,8.27175235748291,16.47265625,0.8043289184570312
encrypt,16,2048,35000,5,8.247644662857056,16.47265625,0.8043289184570312
encrypt,16,2048,35000,6,8.268144130706787,16.47265625,0.8043289184570312
encrypt,16,2048,35000,7,8.246949195861816,16.47265625,0.8043289184570312
encrypt,16,2048,35000,8,8.2623872756958,16.47265625,0.8043289184570312
encrypt,16,2048,35000,9,8.26546573638916,16.47265625,0.8043289184570312
encrypt,16,2048,35000,10,8.265832662582397,16.47265625,0.8043289184570312
encrypt,80,2048,5000,1,1.2218494415283203,16.6328125,0.8121490478515625
encrypt,80,2048,5000,2,1.2069182395935059,16.6328125,0.8121490478515625
encrypt,80,2048,5000,3,1.210331916809082,16.6328125,0.8121490478515625
encrypt,80,2048,5000,4,1.210331916809082,16.6328125,0.8121490478515625
encrypt,80,2048,5000,5,1.2086436748504639,16.6328125,0.8121490478515625
encrypt,80,2048,5000,6,1.209289312362671,16.6328125,0.8121490478515625
encrypt,80,2048,5000,7,1.2013916969299316,16.6328125,0.8121490478515625
encrypt,80,2048,5000,8,1.2039978504180908,16.6328125,0.8121490478515625
encrypt,80,2048,5000,9,1.2041001319885254,16.6328125,0.8121490478515625
encrypt,80,2048,5000,10,1.2078042030334473,16.6328125,0.8121490478515625
encrypt,32,2048,10000,1,2.402459144592285,17.4453125,0.8518218994140625
encrypt,32,2048,10000,2,2.376492977142334,17.4453125,0.8518218994140625
encrypt,32,2048,10000,3,2.3788132667541504,17.4453125,0.8518218994140625
encrypt,32,2048,10000,4,2.3782105445861816,17.4453125,0.8518218994140625
encrypt,32,2048,10000,5,2.3690381050109863,17.4453125,0.8518218994140625
encrypt,32,2048,10000,6,2.3674707412719727,17.4453125,0.8518218994140625
encrypt,32,2048,10000,7,2.3750698566436768,17.4453125,0.8518218994140625
encrypt,32,2048,10000,8,2.3717100620269775,17.4453125,0.8518218994140625
encrypt,32,2048,10000,9,2.372352123260498,17.4453125,0.8518218994140625
encrypt,32,2048,10000,10,2.3715384006500244,17.4453125,0.8518218994140625
encrypt,16,2048,50000,1,11.918510675430298,16.99609375,0.8298873901367188
encrypt,16,2048,50000,2,11.810878276824951,16.99609375,0.8298873901367188
encrypt,16,2048,50000,3,11.819257974624634,16.99609375,0.8298873901367188
encrypt,16,2048,50000,4,11.814748764038086,16.99609375,0.8298873901367188
encrypt,16,2048,50000,5,11.847764492034912,16.99609375,0.8298873901367188
encrypt,16,2048,50000,6,11.807243824005127,16.99609375,0.8298873901367188
encrypt,16,2048,50000,7,11.84911584854126,16.99609375,0.8298873901367188
encrypt,16,2048,50000,8,11.824824094772339,16.99609375,0.8298873901367188
encrypt,16,2048,50000,9,11.795858383178711,16.99609375,0.8298873901367188
encrypt,16,2048,50000,10,11.56815481185913,16.99609375,0.8298873901367188
encrypt,48,2048,10000,1,2.371546983718872,17.23046875,0.8413314819335938
encrypt,48,2048,10000,2,2.3627803325653076,17.23046875,0.8413314819335938
encrypt,48,2048,10000,3,2.360128402709961,17.23046875,0.8413314819335938
encrypt,48,2048,10000,4,2.3606297969818115,17.23046875,0.8413314819335938
encrypt,48,2048,10000,5,2.362417697906494,17.23046875,0.8413314819335938
encrypt,48,2048,10000,6,2.3645031452178955,17.23046875,0.8413314819335938
encrypt,48,2048,10000,7,2.360678195953369,17.23046875,0.8413314819335938
encrypt,48,2048,10000,8,2.363307237625122,17.23046875,0.8413314819335938
encrypt,48,2048,10000,9,2.359541654586792,17.23046875,0.8413314819335938
encrypt,48,2048,10000,10,2.36106538772583,17.23046875,0.8413314819335938
encrypt,80,2048,50000,1,11.774515151977539,17.43359375,0.8512496948242188
encrypt,80,2048,50000,2,11.79443097114563,17.43359375,0.8512496948242188
encrypt,80,2048,50000,3,11.775701999664307,17.43359375,0.8512496948242188
encrypt,80,2048,50000,4,11.782330751419067,17.43359375,0.8512496948242188
encrypt,80,2048,50000,5,11.795519351959229,17.43359375,0.8512496948242188
encrypt,80,2048,50000,6,11.788536310195923,17.43359375,0.8512496948242188
encrypt,80,2048,50000,7,11.775486946105957,17.43359375,0.8512496948242188
encrypt,80,2048,50000,8,11.774385213851929,17.43359375,0.8512496948242188
encrypt,80,2048,50000,9,11.785779476165771,17.43359375,0.8512496948242188
encrypt,80,2048,50000,10,11.735280990600586,17.43359375,0.8512496948242188
encrypt,48,2048,500,1,0.1318988800048828,16.87890625,0.8241653442382812
encrypt,48,2048,500,2,0.13004684448242188,16.87890625,0.8241653442382812
encrypt,48,2048,500,3,0.13422012329101562,16.87890625,0.8241653442382812
encrypt,48,2048,500,4,0.12965106964111328,16.87890625,0.8241653442382812
encrypt,48,2048,500,5,0.13575506210327148,16.87890625,0.8241653442382812
encrypt,48,2048,500,6,0.12943267822265625,16.87890625,0.8241653442382812
encrypt,48,2048,500,7,0.13289690017700195,16.87890625,0.8241653442382812
encrypt,48,2048,500,8,0.13598299026489258,16.87890625,0.8241653442382812
encrypt,48,2048,500,9,0.12962627410888672,16.87890625,0.8241653442382812
encrypt,48,2048,500,10,0.1331479549407959,16.87890625,0.8241653442382812
encrypt,32,2048,1000,1,0.250014066696167,16.38671875,0.8001327514648438
encrypt,32,2048,1000,2,0.24657249450683594,16.38671875,0.8001327514648438
encrypt,32,2048,1000,3,0.2462315559387207,16.38671875,0.8001327514648438
encrypt,32,2048,1000,4,0.2463996410369873,16.38671875,0.8001327514648438
encrypt,32,2048,1000,5,0.2473461627960205,16.38671875,0.8001327514648438
encrypt,32,2048,1000,6,0.24756932258605957,16.38671875,0.8001327514648438
encrypt,32,2048,1000,7,0.25104212760925293,16.38671875,0.8001327514648438
encrypt,32,2048,1000,8,0.24771976470947266,16.38671875,0.8001327514648438
encrypt,32,2048,1000,9,0.24692249298095703,16.38671875,0.8001327514648438
encrypt,32,2048,1000,10,0.2506093978881836,16.38671875,0.8001327514648438
encrypt,64,2048,20000,1,4.8215415477752686,16.5859375,0.8098602294921875
encrypt,64,2048,20000,2,4.753665208816528,16.5859375,0.8098602294921875
encrypt,64,2048,20000,3,4.746805906295776,16.5859375,0.8098602294921875
encrypt,64,2048,20000,4,4.7480926513671875,16.5859375,0.8098602294921875
encrypt,64,2048,20000,5,4.754817008972168,16.5859375,0.8098602294921875
encrypt,64,2048,20000,6,4.767259359359741,16.5859375,0.8098602294921875
encrypt,64,2048,20000,7,4.747629165649414,16.5859375,0.8098602294921875
encrypt,64,2048,20000,8,4.775489091873169,16.5859375,0.8098602294921875
encrypt,64,2048,20000,9,4.75496506690979,16.5859375,0.8098602294921875
encrypt,64,2048,20000,10,4.755948066711426,16.5859375,0.8098602294921875
encrypt,80,2048,1000,1,0.24961590766906738,16.6328125,0.8121490478515625
encrypt,80,2048,1000,2,0.24791693687438965,16.6328125,0.8121490478515625
encrypt,80,2048,1000,3,0.24850988388061523,16.6328125,0.8121490478515625
encrypt,80,2048,1000,4,0.248124361038208,16.6328125,0.8121490478515625
encrypt,80,2048,1000,5,0.2527744770050049,16.6328125,0.8121490478515625
encrypt,80,2048,1000,6,0.2475731372833252,16.6328125,0.8121490478515625
encrypt,80,2048,1000,7,0.25038790702819824,16.6328125,0.8121490478515625
encrypt,80,2048,1000,8,0.2488698959350586,16.6328125,0.8121490478515625
encrypt,80,2048,1000,9,0.24921369552612305,16.6328125,0.8121490478515625
encrypt,80,2048,1000,10,0.2522420883178711,16.6328125,0.8121490478515625
encrypt,80,2048,35000,1,8.250061988830566,16.95703125,0.8279800415039062
encrypt,80,2048,35000,2,8.244534492492676,16.95703125,0.8279800415039062
encrypt,80,2048,35000,3,8.253318071365356,16.95703125,0.8279800415039062
encrypt,80,2048,35000,4,8.272852897644043,16.95703125,0.8279800415039062
encrypt,80,2048,35000,5,8.260273218154907,16.95703125,0.8279800415039062
encrypt,80,2048,35000,6,8.246926546096802,16.95703125,0.8279800415039062
encrypt,80,2048,35000,7,8.252699613571167,16.95703125,0.8279800415039062
encrypt,80,2048,35000,8,8.260368585586548,16.95703125,0.8279800415039062
encrypt,80,2048,35000,9,8.247650384902954,16.95703125,0.8279800415039062
encrypt,80,2048,35000,10,8.24709701538086,16.95703125,0.8279800415039062
encrypt,64,2048,50000,1,11.901811838150024,17.06640625,0.8333206176757812
encrypt,64,2048,50000,2,11.940537214279175,17.06640625,0.8333206176757812
encrypt,64,2048,50000,3,11.870668649673462,17.06640625,0.8333206176757812
encrypt,64,2048,50000,4,11.867267847061157,17.06640625,0.8333206176757812
encrypt,64,2048,50000,5,11.857866048812866,17.06640625,0.8333206176757812
encrypt,64,2048,50000,6,11.883719444274902,17.06640625,0.8333206176757812
encrypt,64,2048,50000,7,11.90297555923462,17.06640625,0.8333206176757812
encrypt,64,2048,50000,8,11.871038675308228,17.06640625,0.8333206176757812
encrypt,64,2048,50000,9,11.848515033721924,17.06640625,0.8333206176757812
encrypt,64,2048,50000,10,11.553179740905762,17.06640625,0.8333206176757812
encrypt,48,2048,1000,1,0.2538423538208008,16.3125,0.7965087890625
encrypt,48,2048,1000,2,0.24932098388671875,16.3125,0.7965087890625
encrypt,48,2048,1000,3,0.24835467338562012,16.3125,0.7965087890625
encrypt,48,2048,1000,4,0.24791455268859863,16.3125,0.7965087890625
encrypt,48,2048,1000,5,0.24831199645996094,16.3125,0.7965087890625
encrypt,48,2048,1000,6,0.2479100227355957,16.3125,0.7965087890625
encrypt,48,2048,1000,7,0.25175952911376953,16.3125,0.7965087890625
encrypt,48,2048,1000,8,0.24758291244506836,16.3125,0.7965087890625
encrypt,48,2048,1000,9,0.24788761138916016,16.3125,0.7965087890625
encrypt,48,2048,1000,10,0.2511861324310303,16.3125,0.7965087890625
encrypt,32,2048,20000,1,4.878170490264893,16.98046875,0.8291244506835938
encrypt,32,2048,20000,2,4.791198253631592,16.98046875,0.8291244506835938
encrypt,32,2048,20000,3,4.743849039077759,16.98046875,0.8291244506835938
encrypt,32,2048,20000,4,4.758143424987793,16.98046875,0.8291244506835938
encrypt,32,2048,20000,5,4.741403579711914,16.98046875,0.8291244506835938
encrypt,32,2048,20000,6,4.747160196304321,16.98046875,0.8291244506835938
encrypt,32,2048,20000,7,4.7456583976745605,16.98046875,0.8291244506835938
encrypt,32,2048,20000,8,4.747483730316162,16.98046875,0.8291244506835938
encrypt,32,2048,20000,9,4.757671356201172,16.98046875,0.8291244506835938
encrypt,32,2048,20000,10,4.76189112663269,16.98046875,0.8291244506835938
encrypt,64,2048,35000,1,8.275999546051025,17.37109375,0.8481979370117188
encrypt,64,2048,35000,2,8.257385492324829,17.37109375,0.8481979370117188
encrypt,64,2048,35000,3,8.252232551574707,17.37109375,0.8481979370117188
encrypt,64,2048,35000,4,8.25474500656128,17.37109375,0.8481979370117188
encrypt,64,2048,35000,5,8.256072282791138,17.37109375,0.8481979370117188
encrypt,64,2048,35000,6,8.252647161483765,17.37109375,0.8481979370117188
encrypt,64,2048,35000,7,8.253250122070312,17.37109375,0.8481979370117188
encrypt,64,2048,35000,8,8.255277872085571,17.37109375,0.8481979370117188
encrypt,64,2048,35000,9,8.2485830783844,17.37109375,0.8481979370117188
encrypt,64,2048,35000,10,8.268381834030151,17.37109375,0.8481979370117188
encrypt,64,2048,10000,1,2.4027209281921387,17.10546875,0.8352279663085938
encrypt,64,2048,10000,2,2.387321710586548,17.10546875,0.8352279663085938
encrypt,64,2048,10000,3,2.45150089263916,17.10546875,0.8352279663085938
encrypt,64,2048,10000,4,2.3750250339508057,17.10546875,0.8352279663085938
encrypt,64,2048,10000,5,2.3734920024871826,17.10546875,0.8352279663085938
encrypt,64,2048,10000,6,2.3791444301605225,17.10546875,0.8352279663085938
encrypt,64,2048,10000,7,2.3712780475616455,17.10546875,0.8352279663085938
encrypt,64,2048,10000,8,2.389277458190918,17.10546875,0.8352279663085938
encrypt,64,2048,10000,9,2.3749477863311768,17.10546875,0.8352279663085938
encrypt,64,2048,10000,10,2.380810499191284,17.10546875,0.8352279663085938
encrypt,96,2048,10000,1,2.4075183868408203,16.98828125,0.8295059204101562
encrypt,96,2048,10000,2,2.3792858123779297,16.98828125,0.8295059204101562
encrypt,96,2048,10000,3,2.37371826171875,16.98828125,0.8295059204101562
encrypt,96,2048,10000,4,2.3779027462005615,16.98828125,0.8295059204101562
encrypt,96,2048,10000,5,2.3768718242645264,16.98828125,0.8295059204101562
encrypt,96,2048,10000,6,2.370701313018799,16.98828125,0.8295059204101562
encrypt,96,2048,10000,7,2.3744630813598633,16.98828125,0.8295059204101562
encrypt,96,2048,10000,8,2.3754475116729736,16.98828125,0.8295059204101562
encrypt,96,2048,10000,9,2.3701589107513428,16.98828125,0.8295059204101562
encrypt,96,2048,10000,10,2.3792150020599365,16.98828125,0.8295059204101562
encrypt,64,2048,500,1,0.13342070579528809,16.2578125,0.7938385009765625
encrypt,64,2048,500,2,0.12885379791259766,16.2578125,0.7938385009765625
encrypt,64,2048,500,3,0.12882685661315918,16.2578125,0.7938385009765625
encrypt,64,2048,500,4,0.12939834594726562,16.2578125,0.7938385009765625
encrypt,64,2048,500,5,0.13352680206298828,16.2578125,0.7938385009765625
encrypt,64,2048,500,6,0.13250088691711426,16.2578125,0.7938385009765625
encrypt,64,2048,500,7,0.13474011421203613,16.2578125,0.7938385009765625
encrypt,64,2048,500,8,0.13651180267333984,16.2578125,0.7938385009765625
encrypt,64,2048,500,9,0.12923741340637207,16.2578125,0.7938385009765625
encrypt,64,2048,500,10,0.12873101234436035,16.2578125,0.7938385009765625
encrypt,80,2048,20000,1,4.73784613609314,17.04296875,0.8321762084960938
encrypt,80,2048,20000,2,4.7258875370025635,17.04296875,0.8321762084960938
encrypt,80,2048,20000,3,4.7464377880096436,17.04296875,0.8321762084960938
encrypt,80,2048,20000,4,4.74383282661438,17.04296875,0.8321762084960938
encrypt,80,2048,20000,5,4.753491163253784,17.04296875,0.8321762084960938
encrypt,80,2048,20000,6,4.7461442947387695,17.04296875,0.8321762084960938
encrypt,80,2048,20000,7,4.753030776977539,17.04296875,0.8321762084960938
encrypt,80,2048,20000,8,4.754384756088257,17.04296875,0.8321762084960938
encrypt,80,2048,20000,9,4.747372388839722,17.04296875,0.8321762084960938
encrypt,80,2048,20000,10,4.756320953369141,17.04296875,0.8321762084960938
encrypt,64,2048,5000,1,1.2012505531311035,16.36328125,0.7989883422851562
encrypt,64,2048,5000,2,1.2020082473754883,16.36328125,0.7989883422851562
encrypt,64,2048,5000,3,1.1992771625518799,16.36328125,0.7989883422851562
encrypt,64,2048,5000,4,1.2027132511138916,16.36328125,0.7989883422851562
encrypt,64,2048,5000,5,1.1987850666046143,16.36328125,0.7989883422851562
encrypt,64,2048,5000,6,1.1962223052978516,16.36328125,0.7989883422851562
encrypt,64,2048,5000,7,1.1967501640319824,16.36328125,0.7989883422851562
encrypt,64,2048,5000,8,1.1974384784698486,16.36328125,0.7989883422851562
encrypt,64,2048,5000,9,1.1989290714263916,16.36328125,0.7989883422851562
encrypt,64,2048,5000,10,1.2003633975982666,16.36328125,0.7989883422851562
encrypt,32,2048,5000,1,1.2213315963745117,17.1484375,0.8373260498046875
encrypt,32,2048,5000,2,1.2020118236541748,17.1484375,0.8373260498046875
encrypt,32,2048,5000,3,1.1994235515594482,17.1484375,0.8373260498046875
encrypt,32,2048,5000,4,1.20408034324646,17.1484375,0.8373260498046875
encrypt,32,2048,5000,5,1.2155752182006836,17.1484375,0.8373260498046875
encrypt,32,2048,5000,6,1.2063944339752197,17.1484375,0.8373260498046875
encrypt,32,2048,5000,7,1.1992709636688232,17.1484375,0.8373260498046875
encrypt,32,2048,5000,8,1.2070765495300293,17.1484375,0.8373260498046875
encrypt,32,2048,5000,9,1.205869436264038,17.1484375,0.8373260498046875
encrypt,32,2048,5000,10,1.2068488597869873,17.1484375,0.8373260498046875
encrypt,32,2048,500,1,0.13133716583251953,16.6953125,0.8152008056640625
encrypt,32,2048,500,2,0.12890410423278809,16.6953125,0.8152008056640625
encrypt,32,2048,500,3,0.12867999076843262,16.6953125,0.8152008056640625
encrypt,32,2048,500,4,0.12869477272033691,16.6953125,0.8152008056640625
encrypt,32,2048,500,5,0.12875843048095703,16.6953125,0.8152008056640625
encrypt,32,2048,500,6,0.1285693645477295,16.6953125,0.8152008056640625
encrypt,32,2048,500,7,0.12889957427978516,16.6953125,0.8152008056640625
encrypt,32,2048,500,8,0.13384246826171875,16.6953125,0.8152008056640625
encrypt,32,2048,500,9,0.12900233268737793,16.6953125,0.8152008056640625
encrypt,32,2048,500,10,0.13197779655456543,16.6953125,0.8152008056640625
encrypt,16,2048,500,1,0.1276993751525879,17.5546875,0.8571624755859375
encrypt,16,2048,500,2,0.13508915901184082,17.5546875,0.8571624755859375
encrypt,16,2048,500,3,0.12900257110595703,17.5546875,0.8571624755859375
encrypt,16,2048,500,4,0.12984633445739746,17.5546875,0.8571624755859375
encrypt,16,2048,500,5,0.1295795440673828,17.5546875,0.8571624755859375
encrypt,16,2048,500,6,0.12970924377441406,17.5546875,0.8571624755859375
encrypt,16,2048,500,7,0.13651633262634277,17.5546875,0.8571624755859375
encrypt,16,2048,500,8,0.12937593460083008,17.5546875,0.8571624755859375
encrypt,16,2048,500,9,0.12918376922607422,17.5546875,0.8571624755859375
encrypt,16,2048,500,10,0.13000035285949707,17.5546875,0.8571624755859375
encrypt,96,2048,1000,1,0.25288844108581543,17.484375,0.853729248046875
encrypt,96,2048,1000,2,0.2484424114227295,17.484375,0.853729248046875
encrypt,96,2048,1000,3,0.24854135513305664,17.484375,0.853729248046875
encrypt,96,2048,1000,4,0.2535879611968994,17.484375,0.853729248046875
encrypt,96,2048,1000,5,0.2487812042236328,17.484375,0.853729248046875
encrypt,96,2048,1000,6,0.24924254417419434,17.484375,0.853729248046875
encrypt,96,2048,1000,7,0.2483067512512207,17.484375,0.853729248046875
encrypt,96,2048,1000,8,0.24924659729003906,17.484375,0.853729248046875
encrypt,96,2048,1000,9,0.24862933158874512,17.484375,0.853729248046875
encrypt,96,2048,1000,10,0.24800467491149902,17.484375,0.853729248046875
encrypt,96,2048,50000,1,11.848796844482422,16.52734375,0.8069992065429688
encrypt,96,2048,50000,2,11.776856422424316,16.52734375,0.8069992065429688
encrypt,96,2048,50000,3,11.782052278518677,16.52734375,0.8069992065429688
encrypt,96,2048,50000,4,11.774664878845215,16.52734375,0.8069992065429688
encrypt,96,2048,50000,5,11.764779329299927,16.52734375,0.8069992065429688
encrypt,96,2048,50000,6,11.766385555267334,16.52734375,0.8069992065429688
encrypt,96,2048,50000,7,11.761835098266602,16.52734375,0.8069992065429688
encrypt,96,2048,50000,8,11.786909103393555,16.52734375,0.8069992065429688
encrypt,96,2048,50000,9,11.805434942245483,16.52734375,0.8069992065429688
encrypt,96,2048,50000,10,11.781807661056519,16.52734375,0.8069992065429688
encrypt,80,2048,10000,1,2.4237704277038574,17.30859375,0.8451461791992188
encrypt,80,2048,10000,2,2.3736138343811035,17.30859375,0.8451461791992188
encrypt,80,2048,10000,3,2.366502523422241,17.30859375,0.8451461791992188
encrypt,80,2048,10000,4,2.3777289390563965,17.30859375,0.8451461791992188
encrypt,80,2048,10000,5,2.3780839443206787,17.30859375,0.8451461791992188
encrypt,80,2048,10000,6,2.3689277172088623,17.30859375,0.8451461791992188
encrypt,80,2048,10000,7,2.3637073040008545,17.30859375,0.8451461791992188
encrypt,80,2048,10000,8,2.3720970153808594,17.30859375,0.8451461791992188
encrypt,80,2048,10000,9,2.3668198585510254,17.30859375,0.8451461791992188
encrypt,80,2048,10000,10,2.3686201572418213,17.30859375,0.8451461791992188
encrypt,48,2048,50000,1,11.774244785308838,17.48828125,0.8539199829101562
encrypt,48,2048,50000,2,11.803354740142822,17.48828125,0.8539199829101562
encrypt,48,2048,50000,3,11.79593563079834,17.48828125,0.8539199829101562
encrypt,48,2048,50000,4,11.787167072296143,17.48828125,0.8539199829101562
encrypt,48,2048,50000,5,11.782238721847534,17.48828125,0.8539199829101562
encrypt,48,2048,50000,6,11.770041942596436,17.48828125,0.8539199829101562
encrypt,48,2048,50000,7,11.770782232284546,17.48828125,0.8539199829101562
encrypt,48,2048,50000,8,11.799179792404175,17.48828125,0.8539199829101562
encrypt,48,2048,50000,9,11.791884422302246,17.48828125,0.8539199829101562
encrypt,48,2048,50000,10,11.723160028457642,17.48828125,0.8539199829101562
encrypt,64,2048,1000,1,0.25066184997558594,17.0234375,0.8312225341796875
encrypt,64,2048,1000,2,0.25265073776245117,17.0234375,0.8312225341796875
encrypt,64,2048,1000,3,0.248291015625,17.0234375,0.8312225341796875
encrypt,64,2048,1000,4,0.2480156421661377,17.0234375,0.8312225341796875
encrypt,64,2048,1000,5,0.24765610694885254,17.0234375,0.8312225341796875
encrypt,64,2048,1000,6,0.2481822967529297,17.0234375,0.8312225341796875
encrypt,64,2048,1000,7,0.246992826461792,17.0234375,0.8312225341796875
encrypt,64,2048,1000,8,0.2515299320220947,17.0234375,0.8312225341796875
encrypt,64,2048,1000,9,0.24726080894470215,17.0234375,0.8312225341796875
encrypt,64,2048,1000,10,0.2531294822692871,17.0234375,0.8312225341796875
encrypt,48,2048,35000,1,8.287177562713623,17.3203125,0.8457183837890625
encrypt,48,2048,35000,2,8.295828104019165,17.3203125,0.8457183837890625
encrypt,48,2048,35000,3,8.29686689376831,17.3203125,0.8457183837890625
encrypt,48,2048,35000,4,8.288341045379639,17.3203125,0.8457183837890625
encrypt,48,2048,35000,5,8.303929090499878,17.3203125,0.8457183837890625
encrypt,48,2048,35000,6,8.27357029914856,17.3203125,0.8457183837890625
encrypt,48,2048,35000,7,8.294450283050537,17.3203125,0.8457183837890625
encrypt,48,2048,35000,8,8.295038223266602,17.3203125,0.8457183837890625
encrypt,48,2048,35000,9,8.300683975219727,17.3203125,0.8457183837890625
encrypt,48,2048,35000,10,8.283294200897217,17.3203125,0.8457183837890625
encrypt,96,2048,5000,1,1.2282743453979492,16.625,0.811767578125
encrypt,96,2048,5000,2,1.205322265625,16.625,0.811767578125
encrypt,96,2048,5000,3,1.1994993686676025,16.625,0.811767578125
encrypt,96,2048,5000,4,1.202186107635498,16.625,0.811767578125
encrypt,96,2048,5000,5,1.198091745376587,16.625,0.811767578125
encrypt,96,2048,5000,6,1.1992332935333252,16.625,0.811767578125
encrypt,96,2048,5000,7,1.2008283138275146,16.625,0.811767578125
encrypt,96,2048,5000,8,1.202376127243042,16.625,0.811767578125
encrypt,96,2048,5000,9,1.1988933086395264,16.625,0.811767578125
encrypt,96,2048,5000,10,1.2029871940612793,16.625,0.811767578125
encrypt,16,2048,20000,1,4.8632049560546875,17.66796875,0.8626937866210938
encrypt,16,2048,20000,2,4.748662710189819,17.66796875,0.8626937866210938
encrypt,16,2048,20000,3,4.734990119934082,17.66796875,0.8626937866210938
encrypt,16,2048,20000,4,4.734783172607422,17.66796875,0.8626937866210938
encrypt,16,2048,20000,5,4.72599983215332,17.66796875,0.8626937866210938
encrypt,16,2048,20000,6,4.729626655578613,17.66796875,0.8626937866210938
encrypt,16,2048,20000,7,4.725519418716431,17.66796875,0.8626937866210938
encrypt,16,2048,20000,8,4.725003004074097,17.66796875,0.8626937866210938
encrypt,16,2048,20000,9,4.723189830780029,17.66796875,0.8626937866210938
encrypt,16,2048,20000,10,4.731770277023315,17.66796875,0.8626937866210938
encrypt,48,2048,20000,1,4.7589497566223145,16.94921875,0.8275985717773438
encrypt,48,2048,20000,2,4.752467632293701,16.94921875,0.8275985717773438
encrypt,48,2048,20000,3,4.738618850708008,16.94921875,0.8275985717773438
encrypt,48,2048,20000,4,4.7335875034332275,16.94921875,0.8275985717773438
encrypt,48,2048,20000,5,4.745959520339966,16.94921875,0.8275985717773438
encrypt,48,2048,20000,6,4.726824998855591,16.94921875,0.8275985717773438
encrypt,48,2048,20000,7,4.733656167984009,16.94921875,0.8275985717773438
encrypt,48,2048,20000,8,4.751133918762207,16.94921875,0.8275985717773438
encrypt,48,2048,20000,9,4.745008707046509,16.94921875,0.8275985717773438
encrypt,48,2048,20000,10,4.7499682903289795,16.94921875,0.8275985717773438
